--------------------------------------------------------
-- Archivo creado  - lunes-julio-20-2020   
--------------------------------------------------------
--------------------------------------------------------
--  DDL for Sequence DEMO_CUST_SEQ
--------------------------------------------------------

   CREATE SEQUENCE  "EVALUACION"."DEMO_CUST_SEQ"  MINVALUE 1 MAXVALUE 9999999999999999999999999999 INCREMENT BY 1 START WITH 21 CACHE 20 NOORDER  NOCYCLE ;
--------------------------------------------------------
--  DDL for Sequence DEMO_ORDER_ITEMS_SEQ
--------------------------------------------------------

   CREATE SEQUENCE  "EVALUACION"."DEMO_ORDER_ITEMS_SEQ"  MINVALUE 1 MAXVALUE 9999999999999999999999999999 INCREMENT BY 1 START WITH 61 CACHE 20 NOORDER  NOCYCLE ;
--------------------------------------------------------
--  DDL for Sequence DEMO_ORD_SEQ
--------------------------------------------------------

   CREATE SEQUENCE  "EVALUACION"."DEMO_ORD_SEQ"  MINVALUE 1 MAXVALUE 9999999999999999999999999999 INCREMENT BY 1 START WITH 11 CACHE 20 NOORDER  NOCYCLE ;
--------------------------------------------------------
--  DDL for Sequence DEMO_PROD_SEQ
--------------------------------------------------------

   CREATE SEQUENCE  "EVALUACION"."DEMO_PROD_SEQ"  MINVALUE 1 MAXVALUE 9999999999999999999999999999 INCREMENT BY 1 START WITH 21 CACHE 20 NOORDER  NOCYCLE ;
--------------------------------------------------------
--  DDL for Sequence DEMO_USERS_SEQ
--------------------------------------------------------

   CREATE SEQUENCE  "EVALUACION"."DEMO_USERS_SEQ"  MINVALUE 1 MAXVALUE 9999999999999999999999999999 INCREMENT BY 1 START WITH 21 CACHE 20 NOORDER  NOCYCLE ;
--------------------------------------------------------
--  DDL for Sequence SEQ_ALUMNO_EVALUACION
--------------------------------------------------------

   CREATE SEQUENCE  "EVALUACION"."SEQ_ALUMNO_EVALUACION"  MINVALUE 1 MAXVALUE 9999999999999999999999999999 INCREMENT BY 1 START WITH 21 CACHE 20 NOORDER  NOCYCLE ;
--------------------------------------------------------
--  DDL for Sequence SEQ_RESULTADO_EV
--------------------------------------------------------

   CREATE SEQUENCE  "EVALUACION"."SEQ_RESULTADO_EV"  MINVALUE 1 MAXVALUE 9999999999999999999999999999 INCREMENT BY 1 START WITH 1 CACHE 20 NOORDER  NOCYCLE ;
--------------------------------------------------------
--  DDL for Sequence SEQ_RESULTADO_EV1
--------------------------------------------------------

   CREATE SEQUENCE  "EVALUACION"."SEQ_RESULTADO_EV1"  MINVALUE 1 MAXVALUE 9999999999999999999999999999 INCREMENT BY 1 START WITH 21 CACHE 20 NOORDER  NOCYCLE ;
--------------------------------------------------------
--  DDL for Sequence SEQ_RESULTADO_EV2
--------------------------------------------------------

   CREATE SEQUENCE  "EVALUACION"."SEQ_RESULTADO_EV2"  MINVALUE 1 MAXVALUE 9999999999999999999999999999 INCREMENT BY 1 START WITH 21 CACHE 20 NOORDER  NOCYCLE ;
--------------------------------------------------------
--  DDL for Sequence SEQ_RESULTADO_EV3
--------------------------------------------------------

   CREATE SEQUENCE  "EVALUACION"."SEQ_RESULTADO_EV3"  MINVALUE 1 MAXVALUE 9999999999999999999999999999 INCREMENT BY 1 START WITH 21 CACHE 20 NOORDER  NOCYCLE ;
--------------------------------------------------------
--  DDL for Sequence SEQ_RESULTADO_EV4
--------------------------------------------------------

   CREATE SEQUENCE  "EVALUACION"."SEQ_RESULTADO_EV4"  MINVALUE 1 MAXVALUE 9999999999999999999999999999 INCREMENT BY 1 START WITH 21 CACHE 20 NOORDER  NOCYCLE ;
--------------------------------------------------------
--  DDL for Table ALTERNATIVAS
--------------------------------------------------------

  CREATE TABLE "EVALUACION"."ALTERNATIVAS" 
   (	"ID_ALTERNATIVAS" NUMBER(*,0), 
	"DESCRIPCION" VARCHAR2(150 CHAR)
   ) SEGMENT CREATION IMMEDIATE 
  PCTFREE 10 PCTUSED 40 INITRANS 1 MAXTRANS 255 NOCOMPRESS LOGGING
  STORAGE(INITIAL 65536 NEXT 1048576 MINEXTENTS 1 MAXEXTENTS 2147483645
  PCTINCREASE 0 FREELISTS 1 FREELIST GROUPS 1 BUFFER_POOL DEFAULT FLASH_CACHE DEFAULT CELL_FLASH_CACHE DEFAULT)
  TABLESPACE "USERS" ;
--------------------------------------------------------
--  DDL for Table ALUMNO
--------------------------------------------------------

  CREATE TABLE "EVALUACION"."ALUMNO" 
   (	"ID_ALUMNO" NUMBER(*,0), 
	"RUT" VARCHAR2(20 CHAR), 
	"NOMBRE" VARCHAR2(70 CHAR), 
	"CURSO_ID_CURSO" NUMBER(*,0), 
	"TEST_ID_TEST" NUMBER(*,0)
   ) SEGMENT CREATION IMMEDIATE 
  PCTFREE 10 PCTUSED 40 INITRANS 1 MAXTRANS 255 NOCOMPRESS LOGGING
  STORAGE(INITIAL 65536 NEXT 1048576 MINEXTENTS 1 MAXEXTENTS 2147483645
  PCTINCREASE 0 FREELISTS 1 FREELIST GROUPS 1 BUFFER_POOL DEFAULT FLASH_CACHE DEFAULT CELL_FLASH_CACHE DEFAULT)
  TABLESPACE "USERS" ;
--------------------------------------------------------
--  DDL for Table CURSO
--------------------------------------------------------

  CREATE TABLE "EVALUACION"."CURSO" 
   (	"ID_CURSO" NUMBER(*,0)
   ) SEGMENT CREATION IMMEDIATE 
  PCTFREE 10 PCTUSED 40 INITRANS 1 MAXTRANS 255 NOCOMPRESS LOGGING
  STORAGE(INITIAL 65536 NEXT 1048576 MINEXTENTS 1 MAXEXTENTS 2147483645
  PCTINCREASE 0 FREELISTS 1 FREELIST GROUPS 1 BUFFER_POOL DEFAULT FLASH_CACHE DEFAULT CELL_FLASH_CACHE DEFAULT)
  TABLESPACE "USERS" ;
--------------------------------------------------------
--  DDL for Table PREGUNTA_ALTERNATIVA
--------------------------------------------------------

  CREATE TABLE "EVALUACION"."PREGUNTA_ALTERNATIVA" 
   (	"PREGUNTAS_ID_PREGUNTAS" NUMBER(*,0), 
	"ALTERNATIVAS_ID_ALTERNATIVAS" NUMBER(*,0), 
	"VALOR" NUMBER(*,0), 
	"PORCENTAJE" NUMBER(*,0)
   ) SEGMENT CREATION IMMEDIATE 
  PCTFREE 10 PCTUSED 40 INITRANS 1 MAXTRANS 255 NOCOMPRESS LOGGING
  STORAGE(INITIAL 65536 NEXT 1048576 MINEXTENTS 1 MAXEXTENTS 2147483645
  PCTINCREASE 0 FREELISTS 1 FREELIST GROUPS 1 BUFFER_POOL DEFAULT FLASH_CACHE DEFAULT CELL_FLASH_CACHE DEFAULT)
  TABLESPACE "USERS" ;
--------------------------------------------------------
--  DDL for Table PREGUNTAS
--------------------------------------------------------

  CREATE TABLE "EVALUACION"."PREGUNTAS" 
   (	"ID_PREGUNTAS" NUMBER(*,0), 
	"ENUNCIADO" VARCHAR2(200 CHAR), 
	"PUNTAJE" FLOAT(100), 
	"TEST_ID_TEST" NUMBER(*,0)
   ) SEGMENT CREATION IMMEDIATE 
  PCTFREE 10 PCTUSED 40 INITRANS 1 MAXTRANS 255 NOCOMPRESS LOGGING
  STORAGE(INITIAL 65536 NEXT 1048576 MINEXTENTS 1 MAXEXTENTS 2147483645
  PCTINCREASE 0 FREELISTS 1 FREELIST GROUPS 1 BUFFER_POOL DEFAULT FLASH_CACHE DEFAULT CELL_FLASH_CACHE DEFAULT)
  TABLESPACE "USERS" ;
--------------------------------------------------------
--  DDL for Table RESULTADO
--------------------------------------------------------

  CREATE TABLE "EVALUACION"."RESULTADO" 
   (	"ALUMNO_ID_ALUMNO" NUMBER(*,0), 
	"ALTERNATIVAS_ID_ALTERNATIVAS" NUMBER(*,0), 
	"PREGUNTAS_ID_PREGUNTAS" NUMBER(*,0)
   ) SEGMENT CREATION IMMEDIATE 
  PCTFREE 10 PCTUSED 40 INITRANS 1 MAXTRANS 255 NOCOMPRESS LOGGING
  STORAGE(INITIAL 65536 NEXT 1048576 MINEXTENTS 1 MAXEXTENTS 2147483645
  PCTINCREASE 0 FREELISTS 1 FREELIST GROUPS 1 BUFFER_POOL DEFAULT FLASH_CACHE DEFAULT CELL_FLASH_CACHE DEFAULT)
  TABLESPACE "USERS" ;
--------------------------------------------------------
--  DDL for Table TEST
--------------------------------------------------------

  CREATE TABLE "EVALUACION"."TEST" 
   (	"ID_TEST" NUMBER(*,0), 
	"NOMBRE_TEST" VARCHAR2(100 CHAR), 
	"DESCRIPCION_TEST" VARCHAR2(250 CHAR), 
	"PROGRAMA" VARCHAR2(200 CHAR), 
	"UNIDAD" VARCHAR2(150 CHAR), 
	"AUTOR" VARCHAR2(100 CHAR), 
	"FECHA_CREACION" DATE
   ) SEGMENT CREATION IMMEDIATE 
  PCTFREE 10 PCTUSED 40 INITRANS 1 MAXTRANS 255 NOCOMPRESS LOGGING
  STORAGE(INITIAL 65536 NEXT 1048576 MINEXTENTS 1 MAXEXTENTS 2147483645
  PCTINCREASE 0 FREELISTS 1 FREELIST GROUPS 1 BUFFER_POOL DEFAULT FLASH_CACHE DEFAULT CELL_FLASH_CACHE DEFAULT)
  TABLESPACE "USERS" ;
REM INSERTING into EVALUACION.ALTERNATIVAS
SET DEFINE OFF;
Insert into EVALUACION.ALTERNATIVAS (ID_ALTERNATIVAS,DESCRIPCION) values ('1','ALTERNATIVA 1');
Insert into EVALUACION.ALTERNATIVAS (ID_ALTERNATIVAS,DESCRIPCION) values ('2','ALTERNATIVA 2');
Insert into EVALUACION.ALTERNATIVAS (ID_ALTERNATIVAS,DESCRIPCION) values ('3','ALTERNATIVA 3');
Insert into EVALUACION.ALTERNATIVAS (ID_ALTERNATIVAS,DESCRIPCION) values ('4','ALTERNATIVA 4');
REM INSERTING into EVALUACION.ALUMNO
SET DEFINE OFF;
Insert into EVALUACION.ALUMNO (ID_ALUMNO,RUT,NOMBRE,CURSO_ID_CURSO,TEST_ID_TEST) values ('1','19224358-0','Jose Solla','1','1');
Insert into EVALUACION.ALUMNO (ID_ALUMNO,RUT,NOMBRE,CURSO_ID_CURSO,TEST_ID_TEST) values ('2','13373838-5','Fernando Erro','1','1');
Insert into EVALUACION.ALUMNO (ID_ALUMNO,RUT,NOMBRE,CURSO_ID_CURSO,TEST_ID_TEST) values ('3','18347273-9','Xavier Reales','1','1');
Insert into EVALUACION.ALUMNO (ID_ALUMNO,RUT,NOMBRE,CURSO_ID_CURSO,TEST_ID_TEST) values ('4','9282727-5','Jesus Cepero','1','1');
Insert into EVALUACION.ALUMNO (ID_ALUMNO,RUT,NOMBRE,CURSO_ID_CURSO,TEST_ID_TEST) values ('5','13373838-5','Noema Llarena','1','2');
Insert into EVALUACION.ALUMNO (ID_ALUMNO,RUT,NOMBRE,CURSO_ID_CURSO,TEST_ID_TEST) values ('6','18347273-9','Norah San Miguel','1','2');
Insert into EVALUACION.ALUMNO (ID_ALUMNO,RUT,NOMBRE,CURSO_ID_CURSO,TEST_ID_TEST) values ('7','9282727-5','Celeste Torrent','1','2');
Insert into EVALUACION.ALUMNO (ID_ALUMNO,RUT,NOMBRE,CURSO_ID_CURSO,TEST_ID_TEST) values ('8','18726345-9','Gregorio Queiruga','2','1');
Insert into EVALUACION.ALUMNO (ID_ALUMNO,RUT,NOMBRE,CURSO_ID_CURSO,TEST_ID_TEST) values ('9','7090900-6','Daiana Sanchis    ','2','1');
Insert into EVALUACION.ALUMNO (ID_ALUMNO,RUT,NOMBRE,CURSO_ID_CURSO,TEST_ID_TEST) values ('10','20352463-3','Laureano Outeiral','2','1');
Insert into EVALUACION.ALUMNO (ID_ALUMNO,RUT,NOMBRE,CURSO_ID_CURSO,TEST_ID_TEST) values ('11','7187736-1','Iratze Sarango','2','1');
Insert into EVALUACION.ALUMNO (ID_ALUMNO,RUT,NOMBRE,CURSO_ID_CURSO,TEST_ID_TEST) values ('12','15237552-2','Yon Escaño','2','2');
Insert into EVALUACION.ALUMNO (ID_ALUMNO,RUT,NOMBRE,CURSO_ID_CURSO,TEST_ID_TEST) values ('13','24751943-2','Rosa Amalia De Paz','2','2');
Insert into EVALUACION.ALUMNO (ID_ALUMNO,RUT,NOMBRE,CURSO_ID_CURSO,TEST_ID_TEST) values ('14','17639561-3','Zebensui Llinas','2','2');
Insert into EVALUACION.ALUMNO (ID_ALUMNO,RUT,NOMBRE,CURSO_ID_CURSO,TEST_ID_TEST) values ('15','19226374-0','Juan perez','3','3');
REM INSERTING into EVALUACION.CURSO
SET DEFINE OFF;
Insert into EVALUACION.CURSO (ID_CURSO) values ('1');
Insert into EVALUACION.CURSO (ID_CURSO) values ('2');
Insert into EVALUACION.CURSO (ID_CURSO) values ('3');
REM INSERTING into EVALUACION.PREGUNTA_ALTERNATIVA
SET DEFINE OFF;
Insert into EVALUACION.PREGUNTA_ALTERNATIVA (PREGUNTAS_ID_PREGUNTAS,ALTERNATIVAS_ID_ALTERNATIVAS,VALOR,PORCENTAJE) values ('1','1','1','100');
Insert into EVALUACION.PREGUNTA_ALTERNATIVA (PREGUNTAS_ID_PREGUNTAS,ALTERNATIVAS_ID_ALTERNATIVAS,VALOR,PORCENTAJE) values ('1','2','0','0');
Insert into EVALUACION.PREGUNTA_ALTERNATIVA (PREGUNTAS_ID_PREGUNTAS,ALTERNATIVAS_ID_ALTERNATIVAS,VALOR,PORCENTAJE) values ('2','1','1','100');
Insert into EVALUACION.PREGUNTA_ALTERNATIVA (PREGUNTAS_ID_PREGUNTAS,ALTERNATIVAS_ID_ALTERNATIVAS,VALOR,PORCENTAJE) values ('2','2','0','0');
Insert into EVALUACION.PREGUNTA_ALTERNATIVA (PREGUNTAS_ID_PREGUNTAS,ALTERNATIVAS_ID_ALTERNATIVAS,VALOR,PORCENTAJE) values ('2','3','0','0');
Insert into EVALUACION.PREGUNTA_ALTERNATIVA (PREGUNTAS_ID_PREGUNTAS,ALTERNATIVAS_ID_ALTERNATIVAS,VALOR,PORCENTAJE) values ('2','4','0','0');
Insert into EVALUACION.PREGUNTA_ALTERNATIVA (PREGUNTAS_ID_PREGUNTAS,ALTERNATIVAS_ID_ALTERNATIVAS,VALOR,PORCENTAJE) values ('3','1','0','0');
Insert into EVALUACION.PREGUNTA_ALTERNATIVA (PREGUNTAS_ID_PREGUNTAS,ALTERNATIVAS_ID_ALTERNATIVAS,VALOR,PORCENTAJE) values ('3','2','0','0');
Insert into EVALUACION.PREGUNTA_ALTERNATIVA (PREGUNTAS_ID_PREGUNTAS,ALTERNATIVAS_ID_ALTERNATIVAS,VALOR,PORCENTAJE) values ('3','3','0','0');
Insert into EVALUACION.PREGUNTA_ALTERNATIVA (PREGUNTAS_ID_PREGUNTAS,ALTERNATIVAS_ID_ALTERNATIVAS,VALOR,PORCENTAJE) values ('3','4','1','100');
Insert into EVALUACION.PREGUNTA_ALTERNATIVA (PREGUNTAS_ID_PREGUNTAS,ALTERNATIVAS_ID_ALTERNATIVAS,VALOR,PORCENTAJE) values ('4','1','0','0');
Insert into EVALUACION.PREGUNTA_ALTERNATIVA (PREGUNTAS_ID_PREGUNTAS,ALTERNATIVAS_ID_ALTERNATIVAS,VALOR,PORCENTAJE) values ('4','2','0','0');
Insert into EVALUACION.PREGUNTA_ALTERNATIVA (PREGUNTAS_ID_PREGUNTAS,ALTERNATIVAS_ID_ALTERNATIVAS,VALOR,PORCENTAJE) values ('4','3','1','100');
Insert into EVALUACION.PREGUNTA_ALTERNATIVA (PREGUNTAS_ID_PREGUNTAS,ALTERNATIVAS_ID_ALTERNATIVAS,VALOR,PORCENTAJE) values ('4','4','0','0');
Insert into EVALUACION.PREGUNTA_ALTERNATIVA (PREGUNTAS_ID_PREGUNTAS,ALTERNATIVAS_ID_ALTERNATIVAS,VALOR,PORCENTAJE) values ('5','1','1','100');
Insert into EVALUACION.PREGUNTA_ALTERNATIVA (PREGUNTAS_ID_PREGUNTAS,ALTERNATIVAS_ID_ALTERNATIVAS,VALOR,PORCENTAJE) values ('5','2','0','0');
Insert into EVALUACION.PREGUNTA_ALTERNATIVA (PREGUNTAS_ID_PREGUNTAS,ALTERNATIVAS_ID_ALTERNATIVAS,VALOR,PORCENTAJE) values ('5','3','0','0');
Insert into EVALUACION.PREGUNTA_ALTERNATIVA (PREGUNTAS_ID_PREGUNTAS,ALTERNATIVAS_ID_ALTERNATIVAS,VALOR,PORCENTAJE) values ('5','4','0','0');
Insert into EVALUACION.PREGUNTA_ALTERNATIVA (PREGUNTAS_ID_PREGUNTAS,ALTERNATIVAS_ID_ALTERNATIVAS,VALOR,PORCENTAJE) values ('6','1','0','0');
Insert into EVALUACION.PREGUNTA_ALTERNATIVA (PREGUNTAS_ID_PREGUNTAS,ALTERNATIVAS_ID_ALTERNATIVAS,VALOR,PORCENTAJE) values ('6','2','0','0');
Insert into EVALUACION.PREGUNTA_ALTERNATIVA (PREGUNTAS_ID_PREGUNTAS,ALTERNATIVAS_ID_ALTERNATIVAS,VALOR,PORCENTAJE) values ('6','3','0','0');
Insert into EVALUACION.PREGUNTA_ALTERNATIVA (PREGUNTAS_ID_PREGUNTAS,ALTERNATIVAS_ID_ALTERNATIVAS,VALOR,PORCENTAJE) values ('6','4','1','100');
Insert into EVALUACION.PREGUNTA_ALTERNATIVA (PREGUNTAS_ID_PREGUNTAS,ALTERNATIVAS_ID_ALTERNATIVAS,VALOR,PORCENTAJE) values ('7','1','0','0');
Insert into EVALUACION.PREGUNTA_ALTERNATIVA (PREGUNTAS_ID_PREGUNTAS,ALTERNATIVAS_ID_ALTERNATIVAS,VALOR,PORCENTAJE) values ('7','2','0','0');
Insert into EVALUACION.PREGUNTA_ALTERNATIVA (PREGUNTAS_ID_PREGUNTAS,ALTERNATIVAS_ID_ALTERNATIVAS,VALOR,PORCENTAJE) values ('7','3','1','100');
Insert into EVALUACION.PREGUNTA_ALTERNATIVA (PREGUNTAS_ID_PREGUNTAS,ALTERNATIVAS_ID_ALTERNATIVAS,VALOR,PORCENTAJE) values ('7','4','0','0');
Insert into EVALUACION.PREGUNTA_ALTERNATIVA (PREGUNTAS_ID_PREGUNTAS,ALTERNATIVAS_ID_ALTERNATIVAS,VALOR,PORCENTAJE) values ('8','1','1','100');
Insert into EVALUACION.PREGUNTA_ALTERNATIVA (PREGUNTAS_ID_PREGUNTAS,ALTERNATIVAS_ID_ALTERNATIVAS,VALOR,PORCENTAJE) values ('8','2','0','0');
Insert into EVALUACION.PREGUNTA_ALTERNATIVA (PREGUNTAS_ID_PREGUNTAS,ALTERNATIVAS_ID_ALTERNATIVAS,VALOR,PORCENTAJE) values ('8','3','0','0');
Insert into EVALUACION.PREGUNTA_ALTERNATIVA (PREGUNTAS_ID_PREGUNTAS,ALTERNATIVAS_ID_ALTERNATIVAS,VALOR,PORCENTAJE) values ('8','4','0','0');
Insert into EVALUACION.PREGUNTA_ALTERNATIVA (PREGUNTAS_ID_PREGUNTAS,ALTERNATIVAS_ID_ALTERNATIVAS,VALOR,PORCENTAJE) values ('1','3','0','0');
Insert into EVALUACION.PREGUNTA_ALTERNATIVA (PREGUNTAS_ID_PREGUNTAS,ALTERNATIVAS_ID_ALTERNATIVAS,VALOR,PORCENTAJE) values ('1','4','0','0');
REM INSERTING into EVALUACION.PREGUNTAS
SET DEFINE OFF;
Insert into EVALUACION.PREGUNTAS (ID_PREGUNTAS,ENUNCIADO,PUNTAJE,TEST_ID_TEST) values ('1','PRIMERA PREGUNTA','25','1');
Insert into EVALUACION.PREGUNTAS (ID_PREGUNTAS,ENUNCIADO,PUNTAJE,TEST_ID_TEST) values ('2','SEGUNDA PREGUNTA','25','1');
Insert into EVALUACION.PREGUNTAS (ID_PREGUNTAS,ENUNCIADO,PUNTAJE,TEST_ID_TEST) values ('3','TERCERA PREGUNTA','25','1');
Insert into EVALUACION.PREGUNTAS (ID_PREGUNTAS,ENUNCIADO,PUNTAJE,TEST_ID_TEST) values ('4','CUARTA PREGUNTA','25','1');
Insert into EVALUACION.PREGUNTAS (ID_PREGUNTAS,ENUNCIADO,PUNTAJE,TEST_ID_TEST) values ('5','PRIMERA PREGUNTA','25','2');
Insert into EVALUACION.PREGUNTAS (ID_PREGUNTAS,ENUNCIADO,PUNTAJE,TEST_ID_TEST) values ('6','SEGUNDA PREGUNTA','25','2');
Insert into EVALUACION.PREGUNTAS (ID_PREGUNTAS,ENUNCIADO,PUNTAJE,TEST_ID_TEST) values ('7','TERCERA PREGUNTA','25','2');
Insert into EVALUACION.PREGUNTAS (ID_PREGUNTAS,ENUNCIADO,PUNTAJE,TEST_ID_TEST) values ('8','CUARTA PREGUNTA','25','2');
REM INSERTING into EVALUACION.RESULTADO
SET DEFINE OFF;
Insert into EVALUACION.RESULTADO (ALUMNO_ID_ALUMNO,ALTERNATIVAS_ID_ALTERNATIVAS,PREGUNTAS_ID_PREGUNTAS) values ('1','1','1');
Insert into EVALUACION.RESULTADO (ALUMNO_ID_ALUMNO,ALTERNATIVAS_ID_ALTERNATIVAS,PREGUNTAS_ID_PREGUNTAS) values ('1','3','2');
Insert into EVALUACION.RESULTADO (ALUMNO_ID_ALUMNO,ALTERNATIVAS_ID_ALTERNATIVAS,PREGUNTAS_ID_PREGUNTAS) values ('1','4','3');
Insert into EVALUACION.RESULTADO (ALUMNO_ID_ALUMNO,ALTERNATIVAS_ID_ALTERNATIVAS,PREGUNTAS_ID_PREGUNTAS) values ('1','2','4');
Insert into EVALUACION.RESULTADO (ALUMNO_ID_ALUMNO,ALTERNATIVAS_ID_ALTERNATIVAS,PREGUNTAS_ID_PREGUNTAS) values ('2','3','1');
Insert into EVALUACION.RESULTADO (ALUMNO_ID_ALUMNO,ALTERNATIVAS_ID_ALTERNATIVAS,PREGUNTAS_ID_PREGUNTAS) values ('2','1','2');
Insert into EVALUACION.RESULTADO (ALUMNO_ID_ALUMNO,ALTERNATIVAS_ID_ALTERNATIVAS,PREGUNTAS_ID_PREGUNTAS) values ('2','2','3');
Insert into EVALUACION.RESULTADO (ALUMNO_ID_ALUMNO,ALTERNATIVAS_ID_ALTERNATIVAS,PREGUNTAS_ID_PREGUNTAS) values ('2','2','4');
Insert into EVALUACION.RESULTADO (ALUMNO_ID_ALUMNO,ALTERNATIVAS_ID_ALTERNATIVAS,PREGUNTAS_ID_PREGUNTAS) values ('3','1','1');
Insert into EVALUACION.RESULTADO (ALUMNO_ID_ALUMNO,ALTERNATIVAS_ID_ALTERNATIVAS,PREGUNTAS_ID_PREGUNTAS) values ('3','2','2');
Insert into EVALUACION.RESULTADO (ALUMNO_ID_ALUMNO,ALTERNATIVAS_ID_ALTERNATIVAS,PREGUNTAS_ID_PREGUNTAS) values ('3','1','3');
Insert into EVALUACION.RESULTADO (ALUMNO_ID_ALUMNO,ALTERNATIVAS_ID_ALTERNATIVAS,PREGUNTAS_ID_PREGUNTAS) values ('3','3','4');
Insert into EVALUACION.RESULTADO (ALUMNO_ID_ALUMNO,ALTERNATIVAS_ID_ALTERNATIVAS,PREGUNTAS_ID_PREGUNTAS) values ('4','1','1');
Insert into EVALUACION.RESULTADO (ALUMNO_ID_ALUMNO,ALTERNATIVAS_ID_ALTERNATIVAS,PREGUNTAS_ID_PREGUNTAS) values ('4','4','2');
Insert into EVALUACION.RESULTADO (ALUMNO_ID_ALUMNO,ALTERNATIVAS_ID_ALTERNATIVAS,PREGUNTAS_ID_PREGUNTAS) values ('4','4','3');
Insert into EVALUACION.RESULTADO (ALUMNO_ID_ALUMNO,ALTERNATIVAS_ID_ALTERNATIVAS,PREGUNTAS_ID_PREGUNTAS) values ('4','2','4');
Insert into EVALUACION.RESULTADO (ALUMNO_ID_ALUMNO,ALTERNATIVAS_ID_ALTERNATIVAS,PREGUNTAS_ID_PREGUNTAS) values ('5','1','1');
Insert into EVALUACION.RESULTADO (ALUMNO_ID_ALUMNO,ALTERNATIVAS_ID_ALTERNATIVAS,PREGUNTAS_ID_PREGUNTAS) values ('5','4','2');
Insert into EVALUACION.RESULTADO (ALUMNO_ID_ALUMNO,ALTERNATIVAS_ID_ALTERNATIVAS,PREGUNTAS_ID_PREGUNTAS) values ('5','3','3');
Insert into EVALUACION.RESULTADO (ALUMNO_ID_ALUMNO,ALTERNATIVAS_ID_ALTERNATIVAS,PREGUNTAS_ID_PREGUNTAS) values ('5','1','4');
Insert into EVALUACION.RESULTADO (ALUMNO_ID_ALUMNO,ALTERNATIVAS_ID_ALTERNATIVAS,PREGUNTAS_ID_PREGUNTAS) values ('6','2','1');
Insert into EVALUACION.RESULTADO (ALUMNO_ID_ALUMNO,ALTERNATIVAS_ID_ALTERNATIVAS,PREGUNTAS_ID_PREGUNTAS) values ('6','3','2');
Insert into EVALUACION.RESULTADO (ALUMNO_ID_ALUMNO,ALTERNATIVAS_ID_ALTERNATIVAS,PREGUNTAS_ID_PREGUNTAS) values ('6','2','3');
Insert into EVALUACION.RESULTADO (ALUMNO_ID_ALUMNO,ALTERNATIVAS_ID_ALTERNATIVAS,PREGUNTAS_ID_PREGUNTAS) values ('6','4','4');
Insert into EVALUACION.RESULTADO (ALUMNO_ID_ALUMNO,ALTERNATIVAS_ID_ALTERNATIVAS,PREGUNTAS_ID_PREGUNTAS) values ('7','1','1');
Insert into EVALUACION.RESULTADO (ALUMNO_ID_ALUMNO,ALTERNATIVAS_ID_ALTERNATIVAS,PREGUNTAS_ID_PREGUNTAS) values ('7','2','2');
Insert into EVALUACION.RESULTADO (ALUMNO_ID_ALUMNO,ALTERNATIVAS_ID_ALTERNATIVAS,PREGUNTAS_ID_PREGUNTAS) values ('7','2','3');
Insert into EVALUACION.RESULTADO (ALUMNO_ID_ALUMNO,ALTERNATIVAS_ID_ALTERNATIVAS,PREGUNTAS_ID_PREGUNTAS) values ('7','1','4');
Insert into EVALUACION.RESULTADO (ALUMNO_ID_ALUMNO,ALTERNATIVAS_ID_ALTERNATIVAS,PREGUNTAS_ID_PREGUNTAS) values ('8','1','5');
Insert into EVALUACION.RESULTADO (ALUMNO_ID_ALUMNO,ALTERNATIVAS_ID_ALTERNATIVAS,PREGUNTAS_ID_PREGUNTAS) values ('8','2','6');
Insert into EVALUACION.RESULTADO (ALUMNO_ID_ALUMNO,ALTERNATIVAS_ID_ALTERNATIVAS,PREGUNTAS_ID_PREGUNTAS) values ('8','1','7');
Insert into EVALUACION.RESULTADO (ALUMNO_ID_ALUMNO,ALTERNATIVAS_ID_ALTERNATIVAS,PREGUNTAS_ID_PREGUNTAS) values ('8','2','8');
Insert into EVALUACION.RESULTADO (ALUMNO_ID_ALUMNO,ALTERNATIVAS_ID_ALTERNATIVAS,PREGUNTAS_ID_PREGUNTAS) values ('9','3','5');
Insert into EVALUACION.RESULTADO (ALUMNO_ID_ALUMNO,ALTERNATIVAS_ID_ALTERNATIVAS,PREGUNTAS_ID_PREGUNTAS) values ('9','1','6');
Insert into EVALUACION.RESULTADO (ALUMNO_ID_ALUMNO,ALTERNATIVAS_ID_ALTERNATIVAS,PREGUNTAS_ID_PREGUNTAS) values ('9','1','7');
Insert into EVALUACION.RESULTADO (ALUMNO_ID_ALUMNO,ALTERNATIVAS_ID_ALTERNATIVAS,PREGUNTAS_ID_PREGUNTAS) values ('9','3','8');
Insert into EVALUACION.RESULTADO (ALUMNO_ID_ALUMNO,ALTERNATIVAS_ID_ALTERNATIVAS,PREGUNTAS_ID_PREGUNTAS) values ('10','2','5');
Insert into EVALUACION.RESULTADO (ALUMNO_ID_ALUMNO,ALTERNATIVAS_ID_ALTERNATIVAS,PREGUNTAS_ID_PREGUNTAS) values ('10','1','6');
Insert into EVALUACION.RESULTADO (ALUMNO_ID_ALUMNO,ALTERNATIVAS_ID_ALTERNATIVAS,PREGUNTAS_ID_PREGUNTAS) values ('10','1','7');
Insert into EVALUACION.RESULTADO (ALUMNO_ID_ALUMNO,ALTERNATIVAS_ID_ALTERNATIVAS,PREGUNTAS_ID_PREGUNTAS) values ('10','3','8');
Insert into EVALUACION.RESULTADO (ALUMNO_ID_ALUMNO,ALTERNATIVAS_ID_ALTERNATIVAS,PREGUNTAS_ID_PREGUNTAS) values ('11','3','5');
Insert into EVALUACION.RESULTADO (ALUMNO_ID_ALUMNO,ALTERNATIVAS_ID_ALTERNATIVAS,PREGUNTAS_ID_PREGUNTAS) values ('11','3','6');
Insert into EVALUACION.RESULTADO (ALUMNO_ID_ALUMNO,ALTERNATIVAS_ID_ALTERNATIVAS,PREGUNTAS_ID_PREGUNTAS) values ('11','3','7');
Insert into EVALUACION.RESULTADO (ALUMNO_ID_ALUMNO,ALTERNATIVAS_ID_ALTERNATIVAS,PREGUNTAS_ID_PREGUNTAS) values ('11','2','8');
Insert into EVALUACION.RESULTADO (ALUMNO_ID_ALUMNO,ALTERNATIVAS_ID_ALTERNATIVAS,PREGUNTAS_ID_PREGUNTAS) values ('12','1','5');
Insert into EVALUACION.RESULTADO (ALUMNO_ID_ALUMNO,ALTERNATIVAS_ID_ALTERNATIVAS,PREGUNTAS_ID_PREGUNTAS) values ('12','4','6');
Insert into EVALUACION.RESULTADO (ALUMNO_ID_ALUMNO,ALTERNATIVAS_ID_ALTERNATIVAS,PREGUNTAS_ID_PREGUNTAS) values ('12','3','7');
Insert into EVALUACION.RESULTADO (ALUMNO_ID_ALUMNO,ALTERNATIVAS_ID_ALTERNATIVAS,PREGUNTAS_ID_PREGUNTAS) values ('12','4','8');
Insert into EVALUACION.RESULTADO (ALUMNO_ID_ALUMNO,ALTERNATIVAS_ID_ALTERNATIVAS,PREGUNTAS_ID_PREGUNTAS) values ('13','2','5');
Insert into EVALUACION.RESULTADO (ALUMNO_ID_ALUMNO,ALTERNATIVAS_ID_ALTERNATIVAS,PREGUNTAS_ID_PREGUNTAS) values ('13','3','6');
Insert into EVALUACION.RESULTADO (ALUMNO_ID_ALUMNO,ALTERNATIVAS_ID_ALTERNATIVAS,PREGUNTAS_ID_PREGUNTAS) values ('13','4','7');
Insert into EVALUACION.RESULTADO (ALUMNO_ID_ALUMNO,ALTERNATIVAS_ID_ALTERNATIVAS,PREGUNTAS_ID_PREGUNTAS) values ('13','1','8');
Insert into EVALUACION.RESULTADO (ALUMNO_ID_ALUMNO,ALTERNATIVAS_ID_ALTERNATIVAS,PREGUNTAS_ID_PREGUNTAS) values ('14','1','5');
Insert into EVALUACION.RESULTADO (ALUMNO_ID_ALUMNO,ALTERNATIVAS_ID_ALTERNATIVAS,PREGUNTAS_ID_PREGUNTAS) values ('14','4','6');
Insert into EVALUACION.RESULTADO (ALUMNO_ID_ALUMNO,ALTERNATIVAS_ID_ALTERNATIVAS,PREGUNTAS_ID_PREGUNTAS) values ('14','2','7');
Insert into EVALUACION.RESULTADO (ALUMNO_ID_ALUMNO,ALTERNATIVAS_ID_ALTERNATIVAS,PREGUNTAS_ID_PREGUNTAS) values ('14','1','8');
REM INSERTING into EVALUACION.TEST
SET DEFINE OFF;
Insert into EVALUACION.TEST (ID_TEST,NOMBRE_TEST,DESCRIPCION_TEST,PROGRAMA,UNIDAD,AUTOR,FECHA_CREACION) values ('1','PRIMER TEST','PREGUNTAS VARIAS','Programación FullStack Java Trainnie','Unidad - Base de Datos','Mario Canedo',to_date('13/03/2020','DD/MM/RRRR'));
Insert into EVALUACION.TEST (ID_TEST,NOMBRE_TEST,DESCRIPCION_TEST,PROGRAMA,UNIDAD,AUTOR,FECHA_CREACION) values ('2','SEGUNDO TEST','PREGUNTAS VARIAS Android','Programación Android','Unidad - Base de Datos Android','Albert Enstein',to_date('13/03/2020','DD/MM/RRRR'));
Insert into EVALUACION.TEST (ID_TEST,NOMBRE_TEST,DESCRIPCION_TEST,PROGRAMA,UNIDAD,AUTOR,FECHA_CREACION) values ('3','NO EV','SIN EVALUACION','PROGRAMA X','SIN UNIDAD','SIN AUTOR',to_date('13/03/2020','DD/MM/RRRR'));
--------------------------------------------------------
--  DDL for Index ALUMNO_PK
--------------------------------------------------------

  CREATE UNIQUE INDEX "EVALUACION"."ALUMNO_PK" ON "EVALUACION"."ALUMNO" ("ID_ALUMNO") 
  PCTFREE 10 INITRANS 2 MAXTRANS 255 COMPUTE STATISTICS 
  STORAGE(INITIAL 65536 NEXT 1048576 MINEXTENTS 1 MAXEXTENTS 2147483645
  PCTINCREASE 0 FREELISTS 1 FREELIST GROUPS 1 BUFFER_POOL DEFAULT FLASH_CACHE DEFAULT CELL_FLASH_CACHE DEFAULT)
  TABLESPACE "USERS" ;
--------------------------------------------------------
--  DDL for Index RELATION_14_PK
--------------------------------------------------------

  CREATE UNIQUE INDEX "EVALUACION"."RELATION_14_PK" ON "EVALUACION"."PREGUNTA_ALTERNATIVA" ("PREGUNTAS_ID_PREGUNTAS", "ALTERNATIVAS_ID_ALTERNATIVAS") 
  PCTFREE 10 INITRANS 2 MAXTRANS 255 COMPUTE STATISTICS 
  STORAGE(INITIAL 65536 NEXT 1048576 MINEXTENTS 1 MAXEXTENTS 2147483645
  PCTINCREASE 0 FREELISTS 1 FREELIST GROUPS 1 BUFFER_POOL DEFAULT FLASH_CACHE DEFAULT CELL_FLASH_CACHE DEFAULT)
  TABLESPACE "USERS" ;
--------------------------------------------------------
--  DDL for Index PREGUNTAS_PK
--------------------------------------------------------

  CREATE UNIQUE INDEX "EVALUACION"."PREGUNTAS_PK" ON "EVALUACION"."PREGUNTAS" ("ID_PREGUNTAS") 
  PCTFREE 10 INITRANS 2 MAXTRANS 255 COMPUTE STATISTICS 
  STORAGE(INITIAL 65536 NEXT 1048576 MINEXTENTS 1 MAXEXTENTS 2147483645
  PCTINCREASE 0 FREELISTS 1 FREELIST GROUPS 1 BUFFER_POOL DEFAULT FLASH_CACHE DEFAULT CELL_FLASH_CACHE DEFAULT)
  TABLESPACE "USERS" ;
--------------------------------------------------------
--  DDL for Index ALTERNATIVAS_PK
--------------------------------------------------------

  CREATE UNIQUE INDEX "EVALUACION"."ALTERNATIVAS_PK" ON "EVALUACION"."ALTERNATIVAS" ("ID_ALTERNATIVAS") 
  PCTFREE 10 INITRANS 2 MAXTRANS 255 COMPUTE STATISTICS 
  STORAGE(INITIAL 65536 NEXT 1048576 MINEXTENTS 1 MAXEXTENTS 2147483645
  PCTINCREASE 0 FREELISTS 1 FREELIST GROUPS 1 BUFFER_POOL DEFAULT FLASH_CACHE DEFAULT CELL_FLASH_CACHE DEFAULT)
  TABLESPACE "USERS" ;
--------------------------------------------------------
--  DDL for Index CURSO_PK
--------------------------------------------------------

  CREATE UNIQUE INDEX "EVALUACION"."CURSO_PK" ON "EVALUACION"."CURSO" ("ID_CURSO") 
  PCTFREE 10 INITRANS 2 MAXTRANS 255 COMPUTE STATISTICS 
  STORAGE(INITIAL 65536 NEXT 1048576 MINEXTENTS 1 MAXEXTENTS 2147483645
  PCTINCREASE 0 FREELISTS 1 FREELIST GROUPS 1 BUFFER_POOL DEFAULT FLASH_CACHE DEFAULT CELL_FLASH_CACHE DEFAULT)
  TABLESPACE "USERS" ;
--------------------------------------------------------
--  DDL for Index TEST_PK
--------------------------------------------------------

  CREATE UNIQUE INDEX "EVALUACION"."TEST_PK" ON "EVALUACION"."TEST" ("ID_TEST") 
  PCTFREE 10 INITRANS 2 MAXTRANS 255 COMPUTE STATISTICS 
  STORAGE(INITIAL 65536 NEXT 1048576 MINEXTENTS 1 MAXEXTENTS 2147483645
  PCTINCREASE 0 FREELISTS 1 FREELIST GROUPS 1 BUFFER_POOL DEFAULT FLASH_CACHE DEFAULT CELL_FLASH_CACHE DEFAULT)
  TABLESPACE "USERS" ;
--------------------------------------------------------
--  DDL for Function CUSTOM_AUTH
--------------------------------------------------------

  CREATE OR REPLACE FUNCTION "EVALUACION"."CUSTOM_AUTH" (p_username in VARCHAR2, p_password in VARCHAR2)
return BOOLEAN
is
  l_password varchar2(4000);
  l_stored_password varchar2(4000);
  l_expires_on date;
  l_count number;
begin
-- First, check to see if the user is in the user table
select count(*) into l_count from demo_users where user_name = p_username;
if l_count > 0 then
  -- First, we fetch the stored hashed password & expire date
  select password, expires_on into l_stored_password, l_expires_on
   from demo_users where user_name = p_username;

  -- Next, we check to see if the user's account is expired
  -- If it is, return FALSE
  if l_expires_on > sysdate or l_expires_on is null then

    -- If the account is not expired, we have to apply the custom hash
    -- function to the password
    l_password := custom_hash(p_username, p_password);

    -- Finally, we compare them to see if they are the same and return
    -- either TRUE or FALSE
    if l_password = l_stored_password then
      return true;
    else
      return false;
    end if;
  else
    return false;
  end if;
else
  -- The username provided is not in the DEMO_USERS table
  return false;
end if;
end;

/
--------------------------------------------------------
--  DDL for Function CUSTOM_HASH
--------------------------------------------------------

  CREATE OR REPLACE FUNCTION "EVALUACION"."CUSTOM_HASH" (p_username in varchar2, p_password in varchar2)
return varchar2
is
  l_password varchar2(4000);
  l_salt varchar2(4000) := 'JEVC1NVIHGFR36O0KPH97RL61DRDJ1';
begin

-- This function should be wrapped, as the hash algorhythm is exposed here.
-- You can change the value of l_salt or the method of which to call the
-- DBMS_OBFUSCATOIN toolkit, but you much reset all of your passwords
-- if you choose to do this.

l_password := utl_raw.cast_to_raw(dbms_obfuscation_toolkit.md5
  (input_string => p_password || substr(l_salt,10,13) || p_username ||
    substr(l_salt, 4,10)));
return l_password;
end;

/
--------------------------------------------------------
--  Constraints for Table CURSO
--------------------------------------------------------

  ALTER TABLE "EVALUACION"."CURSO" ADD CONSTRAINT "CURSO_PK" PRIMARY KEY ("ID_CURSO")
  USING INDEX PCTFREE 10 INITRANS 2 MAXTRANS 255 COMPUTE STATISTICS 
  STORAGE(INITIAL 65536 NEXT 1048576 MINEXTENTS 1 MAXEXTENTS 2147483645
  PCTINCREASE 0 FREELISTS 1 FREELIST GROUPS 1 BUFFER_POOL DEFAULT FLASH_CACHE DEFAULT CELL_FLASH_CACHE DEFAULT)
  TABLESPACE "USERS"  ENABLE;
  ALTER TABLE "EVALUACION"."CURSO" MODIFY ("ID_CURSO" NOT NULL ENABLE);
--------------------------------------------------------
--  Constraints for Table RESULTADO
--------------------------------------------------------

  ALTER TABLE "EVALUACION"."RESULTADO" MODIFY ("PREGUNTAS_ID_PREGUNTAS" NOT NULL ENABLE);
  ALTER TABLE "EVALUACION"."RESULTADO" MODIFY ("ALTERNATIVAS_ID_ALTERNATIVAS" NOT NULL ENABLE);
  ALTER TABLE "EVALUACION"."RESULTADO" MODIFY ("ALUMNO_ID_ALUMNO" NOT NULL ENABLE);
--------------------------------------------------------
--  Constraints for Table ALTERNATIVAS
--------------------------------------------------------

  ALTER TABLE "EVALUACION"."ALTERNATIVAS" ADD CONSTRAINT "ALTERNATIVAS_PK" PRIMARY KEY ("ID_ALTERNATIVAS")
  USING INDEX PCTFREE 10 INITRANS 2 MAXTRANS 255 COMPUTE STATISTICS 
  STORAGE(INITIAL 65536 NEXT 1048576 MINEXTENTS 1 MAXEXTENTS 2147483645
  PCTINCREASE 0 FREELISTS 1 FREELIST GROUPS 1 BUFFER_POOL DEFAULT FLASH_CACHE DEFAULT CELL_FLASH_CACHE DEFAULT)
  TABLESPACE "USERS"  ENABLE;
  ALTER TABLE "EVALUACION"."ALTERNATIVAS" MODIFY ("DESCRIPCION" NOT NULL ENABLE);
  ALTER TABLE "EVALUACION"."ALTERNATIVAS" MODIFY ("ID_ALTERNATIVAS" NOT NULL ENABLE);
--------------------------------------------------------
--  Constraints for Table TEST
--------------------------------------------------------

  ALTER TABLE "EVALUACION"."TEST" ADD CONSTRAINT "TEST_PK" PRIMARY KEY ("ID_TEST")
  USING INDEX PCTFREE 10 INITRANS 2 MAXTRANS 255 COMPUTE STATISTICS 
  STORAGE(INITIAL 65536 NEXT 1048576 MINEXTENTS 1 MAXEXTENTS 2147483645
  PCTINCREASE 0 FREELISTS 1 FREELIST GROUPS 1 BUFFER_POOL DEFAULT FLASH_CACHE DEFAULT CELL_FLASH_CACHE DEFAULT)
  TABLESPACE "USERS"  ENABLE;
  ALTER TABLE "EVALUACION"."TEST" MODIFY ("FECHA_CREACION" NOT NULL ENABLE);
  ALTER TABLE "EVALUACION"."TEST" MODIFY ("AUTOR" NOT NULL ENABLE);
  ALTER TABLE "EVALUACION"."TEST" MODIFY ("UNIDAD" NOT NULL ENABLE);
  ALTER TABLE "EVALUACION"."TEST" MODIFY ("PROGRAMA" NOT NULL ENABLE);
  ALTER TABLE "EVALUACION"."TEST" MODIFY ("DESCRIPCION_TEST" NOT NULL ENABLE);
  ALTER TABLE "EVALUACION"."TEST" MODIFY ("NOMBRE_TEST" NOT NULL ENABLE);
  ALTER TABLE "EVALUACION"."TEST" MODIFY ("ID_TEST" NOT NULL ENABLE);
--------------------------------------------------------
--  Constraints for Table PREGUNTA_ALTERNATIVA
--------------------------------------------------------

  ALTER TABLE "EVALUACION"."PREGUNTA_ALTERNATIVA" ADD CONSTRAINT "RELATION_14_PK" PRIMARY KEY ("PREGUNTAS_ID_PREGUNTAS", "ALTERNATIVAS_ID_ALTERNATIVAS")
  USING INDEX PCTFREE 10 INITRANS 2 MAXTRANS 255 COMPUTE STATISTICS 
  STORAGE(INITIAL 65536 NEXT 1048576 MINEXTENTS 1 MAXEXTENTS 2147483645
  PCTINCREASE 0 FREELISTS 1 FREELIST GROUPS 1 BUFFER_POOL DEFAULT FLASH_CACHE DEFAULT CELL_FLASH_CACHE DEFAULT)
  TABLESPACE "USERS"  ENABLE;
  ALTER TABLE "EVALUACION"."PREGUNTA_ALTERNATIVA" MODIFY ("ALTERNATIVAS_ID_ALTERNATIVAS" NOT NULL ENABLE);
  ALTER TABLE "EVALUACION"."PREGUNTA_ALTERNATIVA" MODIFY ("PREGUNTAS_ID_PREGUNTAS" NOT NULL ENABLE);
--------------------------------------------------------
--  Constraints for Table ALUMNO
--------------------------------------------------------

  ALTER TABLE "EVALUACION"."ALUMNO" ADD CONSTRAINT "ALUMNO_PK" PRIMARY KEY ("ID_ALUMNO")
  USING INDEX PCTFREE 10 INITRANS 2 MAXTRANS 255 COMPUTE STATISTICS 
  STORAGE(INITIAL 65536 NEXT 1048576 MINEXTENTS 1 MAXEXTENTS 2147483645
  PCTINCREASE 0 FREELISTS 1 FREELIST GROUPS 1 BUFFER_POOL DEFAULT FLASH_CACHE DEFAULT CELL_FLASH_CACHE DEFAULT)
  TABLESPACE "USERS"  ENABLE;
  ALTER TABLE "EVALUACION"."ALUMNO" MODIFY ("TEST_ID_TEST" NOT NULL ENABLE);
  ALTER TABLE "EVALUACION"."ALUMNO" MODIFY ("CURSO_ID_CURSO" NOT NULL ENABLE);
  ALTER TABLE "EVALUACION"."ALUMNO" MODIFY ("NOMBRE" NOT NULL ENABLE);
  ALTER TABLE "EVALUACION"."ALUMNO" MODIFY ("RUT" NOT NULL ENABLE);
  ALTER TABLE "EVALUACION"."ALUMNO" MODIFY ("ID_ALUMNO" NOT NULL ENABLE);
--------------------------------------------------------
--  Constraints for Table PREGUNTAS
--------------------------------------------------------

  ALTER TABLE "EVALUACION"."PREGUNTAS" ADD CONSTRAINT "PREGUNTAS_PK" PRIMARY KEY ("ID_PREGUNTAS")
  USING INDEX PCTFREE 10 INITRANS 2 MAXTRANS 255 COMPUTE STATISTICS 
  STORAGE(INITIAL 65536 NEXT 1048576 MINEXTENTS 1 MAXEXTENTS 2147483645
  PCTINCREASE 0 FREELISTS 1 FREELIST GROUPS 1 BUFFER_POOL DEFAULT FLASH_CACHE DEFAULT CELL_FLASH_CACHE DEFAULT)
  TABLESPACE "USERS"  ENABLE;
  ALTER TABLE "EVALUACION"."PREGUNTAS" MODIFY ("PUNTAJE" NOT NULL ENABLE);
  ALTER TABLE "EVALUACION"."PREGUNTAS" MODIFY ("ENUNCIADO" NOT NULL ENABLE);
  ALTER TABLE "EVALUACION"."PREGUNTAS" MODIFY ("ID_PREGUNTAS" NOT NULL ENABLE);
--------------------------------------------------------
--  Ref Constraints for Table ALUMNO
--------------------------------------------------------

  ALTER TABLE "EVALUACION"."ALUMNO" ADD CONSTRAINT "ALUMNO_CURSO_FK" FOREIGN KEY ("CURSO_ID_CURSO")
	  REFERENCES "EVALUACION"."CURSO" ("ID_CURSO") ENABLE;
  ALTER TABLE "EVALUACION"."ALUMNO" ADD CONSTRAINT "ALUMNO_TEST_FK" FOREIGN KEY ("TEST_ID_TEST")
	  REFERENCES "EVALUACION"."TEST" ("ID_TEST") ENABLE;
--------------------------------------------------------
--  Ref Constraints for Table PREGUNTA_ALTERNATIVA
--------------------------------------------------------

  ALTER TABLE "EVALUACION"."PREGUNTA_ALTERNATIVA" ADD CONSTRAINT "ALTERNATIVAS_FKV2" FOREIGN KEY ("ALTERNATIVAS_ID_ALTERNATIVAS")
	  REFERENCES "EVALUACION"."ALTERNATIVAS" ("ID_ALTERNATIVAS") ENABLE;
  ALTER TABLE "EVALUACION"."PREGUNTA_ALTERNATIVA" ADD CONSTRAINT "PREGUNTAS_FK" FOREIGN KEY ("PREGUNTAS_ID_PREGUNTAS")
	  REFERENCES "EVALUACION"."PREGUNTAS" ("ID_PREGUNTAS") ENABLE;
--------------------------------------------------------
--  Ref Constraints for Table PREGUNTAS
--------------------------------------------------------

  ALTER TABLE "EVALUACION"."PREGUNTAS" ADD CONSTRAINT "PREGUNTAS_TEST_FK" FOREIGN KEY ("TEST_ID_TEST")
	  REFERENCES "EVALUACION"."TEST" ("ID_TEST") ENABLE;
--------------------------------------------------------
--  Ref Constraints for Table RESULTADO
--------------------------------------------------------

  ALTER TABLE "EVALUACION"."RESULTADO" ADD CONSTRAINT "RESULTADO_ALTERNATIVAS_FK" FOREIGN KEY ("ALTERNATIVAS_ID_ALTERNATIVAS")
	  REFERENCES "EVALUACION"."ALTERNATIVAS" ("ID_ALTERNATIVAS") ENABLE;
  ALTER TABLE "EVALUACION"."RESULTADO" ADD CONSTRAINT "RESULTADO_ALUMNO_FK" FOREIGN KEY ("ALUMNO_ID_ALUMNO")
	  REFERENCES "EVALUACION"."ALUMNO" ("ID_ALUMNO") ENABLE;
  ALTER TABLE "EVALUACION"."RESULTADO" ADD CONSTRAINT "RESU_NTAS_FK" FOREIGN KEY ("PREGUNTAS_ID_PREGUNTAS")
	  REFERENCES "EVALUACION"."PREGUNTAS" ("ID_PREGUNTAS") ENABLE;
